Days,A,B,C,D,E,F,G,H
0,100,100,100,100,100,100,100,100
1,98.74621996,100.1529501,121.3776766,96.47727419,96.30815079,99.90117377,100.9500096,100.9744678
2,98.97102144,100.887678,149.6097767,97.11201693,117.7367377,100.8718041,101.475026,100.2934905
3,100.7551923,100.3046702,139.4638596,98.15929529,123.1942354,101.9271776,99.72502227,99.19159973
4,104.1050146,102.1886512,162.3345818,101.6185477,131.7015182,98.85741193,99.03752462,100.5284217
5,106.2411612,105.1618764,157.1767926,101.8724164,120.0642304,99.72676081,100.4750239,100.7661431
6,106.6396482,103.8574616,149.1686464,104.1256734,112.9213441,98.84144983,98.3250269,100.3154278
7,105.3218951,105.6457664,144.6555889,108.3782937,101.2038364,97.93407807,99.02501316,99.84799682
8,107.1284066,106.9165696,138.2762163,103.2370786,96.86999501,97.53430688,98.77498977,99.11445161
9,106.3798426,106.4667357,131.8968437,107.4262255,88.34269327,96.99835244,99.63751828,99.61748906
10,106.3925236,105.2763751,138.2762163,114.1859715,92.85710568,99.30789078,100.7125358,99.03849543
11,106.850201,106.848227,149.2704537,110.8854194,109.309843,100.4383916,99.77503762,99.23325682
12,107.7053821,106.8587446,164.1330168,110.3776403,104.0930853,102.2769045,98.04998822,100.0303215
13,105.8286806,108.098018,176.9256892,112.2183366,103.5313211,101.3307152,95.97499903,100.2032496
14,104.7999594,105.3061286,187.9538537,115.5189304,98.39483146,102.4556629,97.39998683,100.8782417
15,106.2159297,106.162643,178.9277257,111.1075431,109.1492669,102.4071951,99.53751806,100.9341422
16,105.6432213,107.023991,185.6464213,116.7883074,108.0256505,100.3292835,100.3125121,101.3410173
17,103.7986622,108.4852927,212.0122192,112.0279246,116.8539094,98.49124874,101.7249808,101.1615323
18,102.7731189,109.9733762,196.40313,131.259901,114.4462286,98.39384436,102.5125396,99.76529232
19,99.53856041,107.5220114,205.7685809,132.2198909,118.1380538,99.57598195,101.999989,99.94102056
20,102.5846925,106.8082432,190.0237574,124.6040715,113.5633923,99.74342768,101.9625309,100.0450987
21,102.5259577,106.2337758,184.1873093,120.5082399,111.7174998,101.5638248,102.9500139,100.4158184
22,105.7203846,104.4861332,187.3770021,124.3160954,113.0818402,101.3377144,103.0250293,101.1604489
23,106.120273,107.9998413,216.3895553,119.0362555,118.2985739,99.73750276,102.3750127,101.8444729
24,104.8623871,108.1725706,218.7648548,118.4282911,113.9646845,98.46044232,102.3625165,101.4057438
25,104.3844025,106.665328,228.571436,111.9965135,112.359564,98.23617434,103.1000371,101.2218363
26,106.345371,105.8696734,218.6969747,113.5964715,101.2841044,97.58181982,102.8000212,101.9910473
27,105.9903036,102.5090177,219.5452951,119.2602489,105.6179778,95.35534723,103.7499851,101.2137008
28,106.8186765,100.8971545,221.0722872,117.9162882,102.4076647,95.37872138,103.3125261,101.3004183
29,106.0556104,102.4886816,211.0281645,112.4765042,109.4703391,95.73401195,104.5375363,102.1558536
30,106.6317722,103.8889895,238.3780171,111.0045114,120.7062546,95.59267304,104.1250012,102.5184964
31,106.5112661,104.4072322,256.09095,102.620817,141.8939973,95.20415091,106.2750286,101.823123
32,109.6197362,104.6038206,270.6141902,100.1888927,132.2631943,95.74867414,106.5250292,103.0496784
33,111.5049957,102.0896348,257.0410647,86.55732885,131.139674,95.74112003,105.7125084,101.8809783
34,111.0849635,104.9680436,255.3104839,90.237194,139.6468927,96.86633257,105.4625383,102.7122351
35,111.7881468,104.4528349,257.889385,104.1888046,138.5232683,97.74003518,104.1375126,102.0810214
36,111.7048178,103.7393791,272.3108309,107.5166526,136.7576438,96.68561135,101.825042,102.3855263
37,111.6183196,104.9405124,308.9243401,99.22890289,134.8314511,96.07000315,99.73752611,103.5150664
38,110.5687771,105.6825906,322.8028486,106.2687033,135.5136654,95.2834529,99.50001417,103.2513046
39,110.2733075,104.1783141,346.7254927,101.8528585,141.0915092,95.55026206,97.30000948,103.761193
40,106.9762432,102.7329655,313.1320018,106.1406963,146.5489829,95.30141572,97.15000916,102.775001
41,105.8598799,102.5774967,296.0298605,102.3008204,150.6420282,96.10913991,92.30001405,102.7844293
42,104.5326435,102.6180821,279.3349223,96.06100729,168.940562,95.5625594,93.52501666,103.1849735
43,105.6486885,102.2955822,304.4791498,92.15714034,172.5722582,95.22920423,87.73751575,102.9397172
44,103.4044296,101.4373982,261.3166065,87.99725104,163.9646164,93.68957312,89.5500158,102.6187176
45,104.0870303,103.0284431,247.9131295,87.19728871,156.6613301,93.81740969,85.59910064,102.2102998
46,107.1762653,105.6124831,252.833403,96.1570188,157.8651425,95.12386294,90.06589621,103.3804661
47,108.494212,102.6473947,232.5076289,95.22903277,162.359576,96.90939003,90.59437951,103.8549115
48,106.873966,103.9772823,222.7349878,99.99688643,158.0256786,95.63907631,93.47577852,103.2471274
49,107.5151035,103.8492862,226.1622093,105.276718,163.0015761,97.71919912,92.48173495,103.3157907
50,108.7494378,104.3171246,204.8184663,105.4367372,162.8410401,97.25386921,93.31218476,102.7978655
51,107.7469042,101.7044357,195.3851482,109.4366156,167.0947015,96.48277807,89.26060647,102.6299537
52,108.5642606,102.4068935,186.3590073,99.61290718,192.2953575,96.58302153,87.82617793,103.4276524
53,109.190175,100.7895569,173.600275,96.63699286,204.3338334,96.64789737,88.30433347,102.6797125
54,109.5525671,101.2186517,159.0430948,97.37297257,201.6050885,98.76690108,92.68306881,103.3618899
55,111.5785866,104.0978072,180.6583065,95.32501924,222.0706351,100.2486818,92.53207794,103.7400753
56,112.676669,104.7816071,179.8099861,95.22903277,209.9518592,98.92006177,90.30495493,103.7365781
57,115.0655109,105.7980619,201.0179948,89.14922218,190.1284088,100.4054587,91.39962353,103.3692179
58,113.5104279,103.4234397,196.8103202,96.7650082,213.0818161,99.24737042,93.26187986,103.5241313
59,114.0835251,100.9565925,213.5391984,91.29316198,182.9855305,100.0565701,92.99764583,104.3438446
60,115.5256545,99.09512115,203.7665444,89.8851852,175.9229683,100.7490426,93.13608715,104.0407704
61,116.6024757,97.47799196,206.2775783,89.08521451,150.5617281,102.2528846,92.46915492,104.2366567
62,116.7550286,98.24381029,390.5327418,82.23746212,163.2423802,102.7416071,90.77053045,104.5972663
63,116.442989,98.786054,425.1102874,77.82158387,156.9823703,106.79468,89.52484812,104.5152453
64,115.9747759,98.48500326,559.4502849,81.59746888,140.1284529,106.1074764,92.67046592,105.8039269
65,115.6846653,98.23225737,402.0359895,90.52516174,148.6355515,104.2320914,91.62611746,105.0897629
66,114.6944361,99.56395627,380.9976294,92.06112048,149.4381838,101.5843775,89.34869718,103.6820454
67,115.396031,97.84900109,419.8507168,93.46909727,157.1428743,101.9027176,90.39304564,103.3832242
68,115.3491425,96.55519086,485.0695632,94.90905285,169.8234303,103.7781193,90.15397168,102.8791762
69,114.8971318,96.92109351,456.3624317,79.35752592,174.6388399,104.3503548,91.39962353,103.0402697
70,114.7582254,96.11259434,438.6834129,85.98133494,191.0112611,105.6938709,93.12344616,102.6301173
71,115.5186529,95.21778444,437.258241,89.02124858,189.5666767,103.8058015,93.80291272,103.5531952
72,116.1390341,92.73895589,489.5826337,87.3572745,187.47998,104.9181219,92.73338133,105.0569352
73,113.3461434,93.47248551,476.8239143,91.83711867,183.7881789,103.4182542,93.12344616,105.5616398
74,113.7866775,92.41664426,489.6505138,93.43710178,172.070599,102.8698748,90.55662417,106.2337504
75,112.571005,92.55228176,427.7909828,88.57323661,176.7255686,104.1924262,87.12158941,106.0831591
76,113.2027753,93.40354609,418.4933991,89.05322737,178.9727213,101.7511134,87.20965726,106.1209618
77,113.6724537,94.35155228,431.9307902,83.10138204,163.7239404,101.0146912,90.24206239,107.0926259
78,115.9702549,94.43158809,381.6084211,86.62131148,157.6244345,101.4771133,91.73936823,107.1268933
79,117.8204362,92.36885433,374.8218584,84.15740011,145.9069027,99.89472402,90.68245498,107.48066
80,118.3958658,93.74068843,354.6318445,90.1411658,135.4735314,99.50184093,92.95988288,108.5013297
81,120.3864261,94.63682312,374.6182698,90.17316129,138.6837724,99.72314685,91.38705873,109.1288247
82,120.3347302,98.49406658,355.1069018,88.73320571,154.0931373,99.07093263,89.52484812,108.5555685
83,120.9264291,96.85572673,331.0146092,89.57636571,151.0433523,99.54580758,91.63872035,108.558063
84,123.7234548,96.18578125,311.4693012,88.39987833,154.0931373,96.23399158,93.04795073,108.9319051
85,123.6636534,94.99501711,341.3980419,87.28877594,160.8346434,95.39323105,92.97246291,108.9006875
86,122.9519716,95.41649349,344.2144717,88.92277459,163.7239404,95.8781179,92.55723801,109.2910884
87,124.4608356,99.1568048,364.3705455,89.96854208,176.5650325,96.46315449,95.97968511,108.8810862
88,123.6651911,101.6027644,377.4686137,88.75937473,172.7126633,96.99247025,95.96708222,108.9381492
89,123.8431832,101.2863139,394.7404294,92.12542866,167.5762296,98.70133592,97.08696422,107.8990893
90,124.9329329,103.5052957,385.9857572,95.29544449,169.5023902,97.15290435,96.09295113,108.1587303
91,124.9527571,105.6559086,368.3746186,95.1647079,165.489613,99.34160405,98.28229594,107.1442258
92,126.1220265,106.7611424,369.9355249,91.1123161,167.0947015,100.7170139,97.47703668,107.8724271
93,126.1313867,107.8526033,387.5127235,91.30845437,182.8651765,101.2267174,99.263729,107.6168443
94,126.2681716,113.6515219,364.3026913,86.73321639,187.47998,103.0641311,98.68491795,108.2553354
95,124.4451918,113.9933022,333.1863072,86.34106506,191.0112611,100.3376266,99.03725793,107.9113034
96,124.1196916,112.4205472,312.3176215,82.09264351,197.7527993,102.5731915,100.8240036,107.4554353
97,124.8161382,114.1412034,325.6532184,79.24944411,200.8026003,103.550505,100.8742932,107.6634784
98,123.0201017,113.1928786,299.3213476,80.75273122,181.8619542,103.8415066,99.9557832,107.1246522
99,125.8793516,113.928624,303.4950951,75.94875847,192.4559096,103.3452254,102.0067019,106.971188
100,126.2949411,113.5359937,311.5710955,74.21666981,197.5922952,103.9893065,103.0259132,107.5776433
101,122.5871651,113.7578854,285.2053105,73.95523002,192.6163016,103.139543,102.5226433,107.7863943
102,123.9727281,111.0745118,350.7295657,66.21006386,200.3210401,102.8043232,98.25712063,107.7522815
103,122.5232946,113.3156919,390.2273589,70.85062423,199.83956,103.3799559,95.55191066,106.5570948
104,122.5934557,114.7018658,405.4631851,66.27541129,201.6050885,104.5726637,97.35118301,107.296574
105,122.86401,114.0405137,451.0010409,67.90942664,203.8523693,104.3154055,99.2259889,107.8901844
106,122.1418461,115.6588517,471.9375808,66.8636508,204.1733613,105.2538949,98.79815349,107.7807569
107,121.7820212,117.1614831,522.0563613,68.5957186,204.4943694,106.5818322,99.84251719,106.0441158
108,121.2589494,124.8282129,474.2789533,74.18401488,190.369229,106.7648744,100.9564025,105.4512304
109,121.5448031,123.4453054,453.6817104,70.06630487,200.6420162,106.9639275,97.956579,104.4463742
110,121.3132617,122.1896702,497.3871912,67.7786984,188.7640764,106.3357197,99.61472792,103.8169528
111,122.8287969,123.7623973,566.1011392,67.97479911,181.059418,106.5452331,100.9057776,104.5372695
112,123.873377,124.2047166,502.9521706,66.34077123,179.9358416,107.0260871,99.9437975,104.3221561
113,125.496512,123.7273356,490.2952455,66.47148278,179.8555736,105.2451161,100.1083361,106.4874568
114,124.9362527,124.7744385,533.2202343,67.61534027,178.1700729,106.3599429,99.04509854,106.0126706
115,126.0063902,123.4832258,559.3145764,73.07290414,182.0625762,103.0452067,98.55147512,105.8005296
116,126.2130759,120.442575,556.6338551,73.30163056,171.4285989,101.8623548,98.60213051,106.7168124
117,121.9253758,118.7781058,576.857835,66.79826999,176.7255686,101.3600593,97.34898855,107.7417962
118,126.3554795,117.4350402,549.7454981,68.62839022,170.9470547,101.5419721,96.23513369,106.3339122
119,125.7564568,120.5851932,517.2378562,67.64798686,178.2905711,100.0849825,94.39982042,105.0398347
120,126.5173556,120.2475849,496.8442538,64.93554491,181.380378,99.03308494,93.53907491,105.3869589
121,127.2414276,117.6288112,425.8737705,61.04656967,194.3820702,99.03667411,95.99463486,104.6551501
122,127.3677929,115.3736234,423.1082638,60.06617882,199.0369277,99.45333231,97.37432387,105.1702891
123,127.2428634,115.23721,417.4754043,56.66744909,209.9518592,101.4710021,101.8171404,106.3674792
124,129.5199698,113.6569846,403.8344245,56.86351641,216.3724213,101.4734046,100.9943865,108.7241258
125,129.7946924,111.1180588,428.6053631,55.42559342,210.2728673,100.8344244,100.9943865,110.2259283
126,129.4916024,111.2617841,420.2918341,59.15114375,205.2969697,99.50255539,101.8297966,110.2658712
127,133.0121279,109.8515628,411.7746905,59.64132248,194.2214701,99.66969563,102.2980924,110.6233102
128,132.5315032,105.6965714,406.0061225,61.40605355,191.9742694,99.15129921,102.6271696,110.6622278
129,131.5731,103.2849193,424.6352301,59.47796018,187.47998,99.33245944,101.0956211,111.4264599
130,128.6128084,105.3447926,418.798782,56.79816481,175.7624963,101.8591159,102.9562849,110.5538441
131,128.8804716,104.8617044,414.6589745,54.15107447,179.6148015,101.9485925,101.323456,111.0285253
132,130.1999978,105.1502365,420.3936284,53.59550657,165.9710771,102.4378868,101.9310084,112.0784469
133,130.3536977,106.9575492,417.1360813,49.0202686,167.4157576,100.9983671,100.5513651,113.7494344
134,130.1455154,108.8073862,423.8208498,48.56274897,160.8346434,100.780582,101.2981741,114.1341649
135,130.7390076,109.9619079,420.4954227,47.9745178,167.2551895,102.9204809,101.4627127,113.4101022
136,132.0248491,109.8338086,411.2996332,54.60858157,163.4029163,103.2451782,100.6652559,112.9601234
137,129.7121963,113.4988511,407.1937658,54.4451817,151.5248485,102.9354899,103.7916798,113.2075113
138,128.3998716,113.1654152,398.3712394,60.2949762,149.1171757,105.0095736,105.2093223,113.4195446
139,128.0337155,112.7820894,406.3454455,59.15114375,163.5634364,107.6441519,106.6902002,114.3654423
140,127.9883513,113.7302358,407.1937658,59.21650787,178.8122813,106.7717466,107.8674124,114.1955193
141,127.2932628,114.2165841,440.7872308,62.28842117,174.799376,105.8341223,107.9433803,113.4929866
142,126.7135543,113.1770225,405.0899221,66.30810378,169.1814462,106.8397733,106.5510655,113.0763758
143,127.7633379,111.9767497,383.8819134,63.20347712,154.4140974,106.3462744,107.9306859,113.2282818
144,128.1873632,113.4941983,383.7461791,61.21466911,160.9952115,106.6580733,107.2851725,113.0765704
145,130.2208026,113.4185271,386.1214916,69.39421597,157.3033623,106.0816662,108.854705,112.0068203
146,129.0099466,115.7116822,391.1774736,63.98515453,146.2278948,107.3594519,108.8799565,112.7606716
147,133.7153881,114.0524388,399.1516797,65.79914346,159.5906811,105.4089891,108.5509097,112.6895955
148,133.1493012,112.9312152,404.3094819,67.44823417,159.5506111,106.5007503,107.7408349,113.5959293
149,134.4378396,114.8988431,396.7085388,64.64481001,171.7495589,106.2805611,108.2218249,113.1476695
150,135.9069309,115.9162747,395.5548097,61.08272215,182.9855305,104.7477278,108.5002848,111.2310992
151,135.7541323,112.8003442,413.3695369,63.39146835,197.1107671,104.0869295,107.6902023,111.6328262
152,137.7526893,114.0732255,392.77232,65.53533302,183.7881789,105.7676212,107.2598143,113.1894278
153,137.6449498,114.1031332,413.2677426,67.74509604,178.330625,104.7189908,107.4370396,113.4474467
154,138.7596005,114.9677231,420.3257741,68.99842101,159.7110351,103.7807242,108.462339,114.3467215
155,142.1065093,116.9002668,409.7726669,66.78861625,151.0433523,103.0485838,109.4243115,114.2954121
156,137.3197852,115.5425772,452.6976816,64.64481001,151.6854486,105.0733858,110.1584185,114.7527079
157,135.5963112,116.5322272,436.6474234,64.2490067,179.4542654,104.7064464,110.7406584,115.3410316
158,136.6068768,118.5439403,434.2721627,71.5380389,177.0867107,104.1800383,110.7153459,115.5029343
159,138.4603701,119.8556759,451.8832754,75.23201946,165.9710771,106.378106,110.3482772,114.3211748
160,136.5760572,122.4384476,448.3542856,68.76755349,162.7608521,107.0293261,110.3989021,114.0914318
161,135.0238332,121.0936723,465.5242811,70.38366372,150.2407681,106.9514689,109.8292956,115.3346619
162,134.389772,123.4081905,460.4003931,71.66995247,147.3515512,106.4636725,108.6395186,116.4675598
163,135.2092845,122.8686768,580.9297623,73.91273354,139.6468927,106.1211126,108.2091534,117.4925601
164,136.2336347,125.0511828,604.4112632,66.16195377,147.6725272,105.4246156,105.9941152,117.826576
165,136.4503708,124.3070306,689.8201494,69.92190363,142.6966937,106.3528204,106.2852237,117.6419226
166,137.4925733,125.4951894,681.6762948,67.48121882,132.0626203,108.8295156,105.7282429,118.1249317
167,137.7077098,128.3567256,679.2670422,66.85457303,123.9165837,112.0338583,107.4876874,116.4158073
168,138.148132,126.84285,720.2918535,70.2517585,104.0128493,110.9958533,108.5382383,117.9753746
169,139.2478624,128.7711728,657.855445,67.34931778,114.2857326,113.2209654,109.2850396,117.861384
170,143.1225598,129.1056568,663.8615675,67.34931778,116.0514052,113.5745382,108.5850686,118.1718809
171,145.9447642,129.6130624,688.7004121,71.07627047,123.5955116,113.9597742,108.0250705,118.9819612
172,144.9131782,129.6304918,744.6555889,68.80053814,105.9390099,117.2608133,106.6506161,118.9569886
173,142.6105245,125.8197871,726.6372731,67.18439452,104.0128493,115.4852278,107.4396532,117.8628643
174,143.7206349,123.1406895,735.4937396,73.15416583,127.7688649,114.4152751,107.7578495,117.4927211
175,142.4000323,119.6334246,757.312514,71.60399986,127.7688649,114.2051614,107.0579014,118.9875582
176,144.3429817,120.2290236,731.7271952,75.66079073,124.2375197,116.9098503,108.6995995,120.4613394
177,142.8752423,120.2020037,777.4686137,73.25309892,114.6067327,115.8381877,108.9668966,120.3523347
178,140.2542095,117.0843462,769.630142,78.53024262,106.7415541,116.1984088,110.1759513,121.5952813
179,138.9903432,116.9992922,813.7088858,76.08957034,96.14767877,114.8124742,110.6213271,119.6898681
180,138.7625415,114.0527453,839.1245302,73.18715466,99.31782579,114.667998,110.7485676,120.9195898
181,137.9360233,114.4278251,891.4150605,68.47069996,91.81378136,115.881877,111.1558376,118.5409527
182,138.1184082,113.9681755,930.878836,69.55913506,81.86197021,115.2456994,111.0158876,117.6686651
183,135.4531022,114.2305096,982.694309,67.81106535,71.58906289,112.5332778,110.9013338,118.9518579
184,136.2505814,115.4953179,917.7468536,71.86786039,90.04818885,113.5212924,110.0868015,119.6713909
185,138.0673676,116.3259632,943.3322242,68.40474318,86.35635565,115.1014606,110.5067963,119.3267606
186,133.8610746,116.8332263,912.928452,65.30442793,92.13486952,113.1690082,109.8705026,120.876895
187,131.6626332,118.5009584,947.0308885,64.15006527,92.61638165,111.5437945,110.7358961,122.0158181
188,130.2852176,115.8260742,995.1137312,63.58935957,84.14925691,112.4291799,109.2723301,122.2903795
189,133.7553049,114.1961843,1029.250134,67.97595939,76.88604061,111.3168439,109.2341404,123.4738476
190,132.2961839,114.7219747,995.8262913,64.18303323,100.4815281,112.3674834,107.961454,123.8209484
191,128.4806943,113.6312256,1088.462832,64.47986588,112.0385078,111.6996229,107.2869174,124.4647371
192,128.1300861,113.5275364,1097.760493,65.93111963,95.2648585,110.7772548,108.8778382,125.5466808
193,126.4023293,112.5630207,1141.296248,66.59075007,104.3338494,109.117535,110.5450012,125.991473
194,127.5530312,111.9731187,1112.589116,65.46935537,106.4205781,107.400658,109.4758889,126.9249042
195,128.7055677,111.3321524,1126.535453,65.07356458,113.8041644,109.4279871,109.5650692,128.285991
196,129.5224719,109.4211918,1063.454364,67.51419095,123.2744875,108.9548333,110.0104831,127.5556138
197,129.3529671,109.755013,1085.850042,66.32685616,120.7062546,107.502274,110.7104846,127.5884891
198,130.0450588,108.5520054,1073.769969,65.83214063,111.2359716,106.7327326,110.2141257,128.4134236
199,131.6226869,107.7743336,1013.810641,66.12898164,115.2488369,107.6421646,109.4632098,128.9494909
200,132.3716531,106.7754482,983.2711088,65.53533302,137.359622,109.5838258,108.5977629,130.4402321
201,133.4921812,107.482324,1005.429232,66.06301233,133.7078908,108.7015097,108.8778382,128.6569802
202,132.9876699,105.6676706,1044.112723,66.03004855,128.4108891,109.8105115,110.7613457,127.7201343
203,137.2445985,105.817454,1043.026848,63.52340278,141.2118952,111.3125588,110.2395449,127.5253072
204,135.2246816,108.9251004,1056.091002,62.99569008,140.609949,111.9865371,109.2723301,129.3382133
205,133.2999592,111.098192,1055.039093,61.24766211,126.4847285,112.309966,109.5523139,130.8744362
206,136.7495783,110.9945597,1130.132323,62.00624651,130.4976098,112.0382336,110.3795558,129.5965141
207,138.8467832,109.1612724,1170.308866,64.18445228,131.139674,113.2401714,110.8122678,130.1796127
208,138.4457907,108.2985154,1288.36105,60.59835737,134.0289549,112.7630812,109.2341404,129.9956834
209,137.659429,109.411699,1323.379739,59.53581166,132.5843225,112.357348,108.152349,131.5204402
210,136.0021329,108.6497099,1300.339329,59.27017314,133.2664086,112.5118007,107.9487216,133.5145863
211,136.8051364,109.1958044,1245.605684,61.62770557,120.3852385,112.2100879,106.7524451,132.6571406
212,136.8964821,110.4486997,1207.397406,61.89333991,120.2247345,113.2068456,104.5761298,132.4319031
213,136.63769,112.6390555,1202.375313,61.86012153,120.8667827,113.5385326,105.2506132,132.3649932
214,139.4920346,112.7719948,1162.402462,60.56512647,115.2488369,112.4068674,106.3960667,131.3414676
215,141.7894273,111.53292,1220.936566,61.26246618,114.6067327,112.7232155,105.5688476,131.4505156
216,141.8326122,112.5439486,1109.874429,58.50646763,113.8041644,114.0502281,106.9178599,131.5775434
217,140.3323162,115.33342,1067.186995,59.13733719,110.7544275,114.0185521,108.7505292,133.290208
218,139.7450817,113.9781114,1119.782856,58.57287935,114.1252205,114.9460959,109.1323267,132.2050144
219,141.138975,117.0203981,1092.772365,58.47325342,122.4719272,114.8321217,108.5341999,133.5739017
220,141.5867711,119.8673855,1169.765928,58.87172372,144.9438784,115.8496312,108.5596266,132.7036054
221,142.1195089,116.6639583,1167.594178,58.14121989,152.8090249,116.2899446,109.0560007,132.679471
222,140.7648908,118.8512269,1120.156067,61.19604612,137.56018,116.6888292,109.8450225,133.6372077
223,137.5998022,118.6781513,1091.652524,60.59835737,143.82019,114.558617,110.5322459,133.9077426
224,138.0244632,119.7739105,1125.076367,62.59062119,149.919792,114.6154348,109.5396119,135.754724
225,140.8968528,118.2988748,1135.391971,62.7234321,139.5666247,115.1618606,109.5523139,136.6944077
226,136.5776734,120.0026768,1064.506273,60.13349623,136.4366517,116.7003191,109.8832046,135.9289346
227,137.6930198,122.1430165,870.6820574,60.59835737,128.250369,117.4025219,110.7740705,134.2937856
228,136.8415121,123.9515132,834.8151001,58.57287935,114.7672367,118.1738685,109.7050344,134.7035394
229,136.3409819,121.4259955,896.4370507,59.07095469,123.8363317,117.7646288,109.0050863,133.6770304
230,133.6051458,119.7828603,793.2813174,62.15894921,111.9181378,116.9871886,107.6305634,132.9246545
231,130.8674421,120.4522521,800.8483203,62.55743203,113.0016122,116.6758765,107.5160325,132.6453236
232,130.5118599,119.7360892,787.3091608,65.67865745,123.9165837,115.946679,106.9305847,132.9317384
233,129.4037632,118.8391705,768.1370899,66.57518639,133.8684029,115.1485571,106.026994,132.9882881
234,129.8887736,119.3109039,702.3074518,67.43847192,138.3628283,114.8886149,106.1551411,133.2829935
235,130.7079403,118.7689192,697.2854098,68.43464765,128.5714251,114.3326575,106.4883025,134.2817415
236,128.9860921,121.8680768,669.6980156,69.13192058,123.9165837,114.7909376,105.232486,135.060373
237,131.3704017,124.5580059,704.4452356,70.52653739,138.6837724,115.0523468,104.8096567,135.2536776
238,130.8240195,124.4091342,710.5870666,72.51881373,146.5489829,114.4122012,105.2965596,134.1098565
239,130.621794,123.4232087,721.1062079,72.81764141,153.7720812,115.1340171,104.963383,133.1232586
240,127.9046373,118.5280299,695.2494203,72.45241871,153.130001,114.8385613,104.3995598,133.6515518
241,127.1048574,118.6095274,609.6029796,76.37050959,161.9582838,115.2980234,105.1299713,133.0640924
242,129.3435222,121.2905776,600.6108046,77.30024022,146.870023,115.6465162,105.0146328,133.6052001
243,129.4441533,124.8346101,582.2531399,73.5813511,157.7849385,114.7842657,105.1299713,134.7911211
244,128.6314237,128.7355756,597.7604607,74.11261978,173.6757676,114.3223338,105.8604057,134.6956194
245,127.6666383,128.5121224,657.8894109,73.88020382,172.070599,113.8150974,105.1812287,133.7051332
246,126.5933516,127.9622714,659.5520857,72.48560787,181.380378,114.0094517,104.9890155,133.017286
247,126.087745,122.8870488,609.4333569,68.96592051,174.799376,113.8304928,102.2467284,131.4117134
248,128.1577565,122.1042746,545.4699822,69.13192058,174.919778,116.0075604,100.7602424,131.3467448
249,129.241565,124.1983164,512.5890773,70.06167208,177.5280408,115.2826024,99.8503959,131.5956576
250,127.6520732,126.8958241,491.856126,70.42691982,166.7334793,113.4118295,99.73507258,132.2874515
251,126.2732066,127.1798063,523.3457731,73.01686821,159.7110351,114.9115897,99.44035998,133.6854532
252,124.8445787,126.6671995,477.2310915,71.25701618,165.0080368,115.5120486,102.746478,134.0367835
253,125.1687449,130.2595491,472.2768779,70.92498264,147.9935834,117.0030883,103.3999996,133.0568297
254,122.5708296,133.9447849,446.2165017,72.02073421,161.6372918,116.6111921,103.5922204,132.5774126
255,122.7039958,133.5627233,507.2276865,71.32341955,160.9952115,116.664353,102.8617861,131.8477366
256,121.8283899,131.686505,492.975915,70.7589617,153.1685495,117.8020535,104.1304416,133.8107569
257,122.1027018,129.9219768,502.6807019,70.39370561,167.6275262,117.6852702,103.3231479,134.2331301
258,118.9410161,131.1235447,543.0607296,67.50491285,177.7463916,116.7832466,105.2453175,132.5859014
259,120.5965966,130.7705396,505.4971316,66.2763128,180.4173057,117.2518134,106.642105,132.5128045
260,121.0135107,131.0826952,501.8662957,67.20607265,176.0256896,117.2457945,106.5011035,134.2535848
261,118.4196058,130.8700594,527.4177004,67.63772793,184.6548879,117.430179,108.2567153,135.5901771
262,118.376292,130.5210718,513.4034835,68.03617318,198.4206159,117.6043098,108.8846349,138.4320416
263,116.9103418,128.4580854,490.8720972,67.40530362,215.4734577,116.3961911,105.2196926,139.059901
264,118.0060656,129.8924059,463.4543774,69.53040757,223.3322782,116.7284617,105.2196926,137.3526797
265,116.8610636,130.5710155,420.1560997,69.86243693,211.5441195,117.3028214,104.1048244,137.1285972
266,116.1733886,128.9045515,401.8663151,69.99523532,196.5714402,119.0191604,105.5912951,136.7390773
267,117.6516196,129.2451913,396.8442473,71.12420109,205.6115237,118.2873458,106.6164649,137.2052473
268,116.9958693,126.699271,388.2592495,75.73963168,189.4060926,117.9384796,106.4883025,136.736492
269,118.3611989,130.0166712,410.7906358,73.94660718,202.8892489,118.0766813,109.6534799,135.9507844
270,114.6928006,126.8476342,401.7984609,73.98663285,213.9326061,117.6885214,109.3587216,135.2574282
271,113.1183535,124.2089458,370.715991,72.65174568,233.9133254,118.1838003,110.5633264,134.1569134
272,114.6487141,124.7545896,377.0274964,73.61954034,228.5457448,117.015424,109.6534799,130.0585618
273,113.5816205,121.6559325,372.9555691,72.88535532,227.5442041,116.5073686,108.6667969,131.274679
274,116.8361328,120.6442434,359.7217666,70.48256342,230.6773801,116.1334979,107.1931043,129.7970021
275,115.6197778,111.0662969,363.5901053,70.21557263,241.0273284,115.8487356,106.5011035,126.9165193
276,116.8319338,108.2219457,314.6250539,71.75067994,223.5890975,116.5286651,108.1285452,128.6360536
277,119.9393251,111.3118455,310.0101891,71.68392598,213.1107556,115.9524232,107.7954372,128.5754556
278,121.098152,111.2469821,319.6470958,71.14997779,205.94544,115.8244384,109.5253632,127.8313549
279,120.8723133,111.0269403,325.9246871,68.8139315,200.6805487,115.6952726,108.9871268,130.1074027
280,119.6334523,111.118068,305.8364416,68.07972144,202.4013307,115.9401771,109.8585017,130.6735452
281,118.7608877,110.5340657,322.3617313,68.9140374,209.6693996,115.0462292,110.4736203,131.6788726
282,117.4027318,112.9094992,369.9016107,70.14881032,219.557006,115.5534592,110.4736203,131.856017
283,120.2168053,111.0990738,398.1337108,70.34903881,223.4349995,114.3334816,110.1404514,130.8194446
284,118.6349711,113.285069,358.9752405,71.25007951,221.6372966,115.0530895,109.1921409,132.1650249
285,118.2248074,113.0584141,332.3040468,72.35140713,231.6532485,114.7886642,108.3848244,134.051203
286,117.3511493,115.0342781,334.6793334,71.71732382,238.5874811,114.644531,109.230643,134.4205522
287,118.2494208,116.1183897,325.890747,71.5504598,236.5586473,114.599896,110.87084,134.6729121
288,121.1526146,114.9186363,339.2263439,73.1189566,240.0513639,115.1696457,112.0625905,135.19222
289,120.5580389,111.091628,381.0315695,72.88535532,235.5055697,115.2866906,112.2035463,134.2856388
290,120.4457385,110.256442,359.6878265,71.51711204,225.8491584,116.849817,111.293715,135.035612
291,121.0473209,111.4327802,339.3959924,71.68392598,221.6372966,116.9358518,111.3706125,134.3493678
292,120.7149217,112.2766912,354.9372274,70.64939406,219.8651539,116.2437548,110.0507453,134.5155431
293,119.6219491,113.4531986,370.2409337,68.17985238,232.0385094,114.9872938,112.1907301,136.6315278
294,122.5172998,109.82024,502.2395587,71.8508067,228.4429915,114.7834577,112.0625905,137.1665133
295,120.3961712,110.8878114,473.8038959,70.28230154,240.4365607,113.8062079,112.6649005,137.9035306
296,121.4285681,111.9758276,441.2962541,70.24892874,241.4638859,114.6183348,113.1262167,138.9504693
297,120.3475428,111.6624238,408.9243466,70.74952917,255.1011722,115.3331572,113.75819,136.6367036
298,121.1441245,114.2140319,381.5066268,70.41580111,248.4750394,113.5414378,114.0677304,135.4780239
299,123.6937909,113.3013967,446.3861762,71.48373088,241.2070666,113.2295831,113.6808353,135.6099946
300,123.1927079,115.1558852,461.0790908,67.87946791,249.2456414,113.03249,113.75819,135.2857161
301,122.2064413,114.5957911,536.1045442,67.07857902,240.8732464,113.9254328,113.5002269,134.2621655
302,122.668249,112.6449428,493.3830922,66.91168995,240.3595278,114.1820861,114.3643784,136.0211518
303,123.2446109,115.5141635,532.5246054,65.34317645,244.1091117,114.385594,114.0161378,136.0954869
304,123.4760717,117.5572747,509.1957959,66.44447485,234.4526683,114.7976062,113.4357723,133.8707709
305,124.5701371,118.7941095,435.2562174,66.51121211,221.6372966,114.6920015,112.8037305,130.421918
306,124.9322353,119.3675965,381.7441555,67.97961554,231.1653463,114.2840089,113.1520015,132.5575418
307,124.193505,119.9088914,380.0475148,67.07857902,235.5313061,113.4402231,112.610321,131.9570383
308,125.279279,119.6602045,397.488979,68.38006416,234.4783406,114.4405908,113.5647196,131.9095972
309,123.9931428,119.2287396,382.4228014,66.71146981,234.0160307,113.9645826,113.1648711,133.9513798
310,124.5777701,121.6304338,339.5996069,67.11191426,240.7704771,113.9419414,113.6292275,133.7837982
311,125.0261774,123.4811395,303.1557462,69.24773206,233.3226219,114.008464,113.3712416,134.8411732
312,125.4107441,122.475149,330.7770805,70.51590283,236.070617,115.0147481,112.4684051,134.7245663
313,123.6524346,124.8825413,362.9114335,70.58264845,238.2022362,115.4956897,112.5974362,134.9273564
314,127.1978845,128.9221828,395.5548097,69.2143843,227.6468133,115.6514907,112.3652504,132.423131
315,124.4698305,131.6274669,425.7550192,69.58146846,230.5490185,116.6439278,112.6360907,134.4702157
316,126.2888368,131.9440794,427.0444568,70.81625808,213.8298367,115.7290649,114.7771193,136.3665724
317,124.9107373,132.9910474,431.7272016,70.54927564,207.2551927,115.6498972,115.976619,136.6556889
318,124.1605285,131.8628325,402.6806954,70.0153191,200.4751381,113.9392913,115.4091155,137.1080115
319,123.5822519,131.4844208,391.7543252,68.64704243,202.1188872,115.2986261,115.5896782,137.2760013
320,122.7009613,130.0443593,352.1207976,70.18218313,201.7336262,114.7604042,115.499393,136.9020977
321,123.1793649,129.2064761,367.0173267,70.08205637,212.3145934,115.3515687,117.6662446,137.2320179
322,123.7119594,130.7018247,407.7706175,71.11663002,207.9228652,114.7318335,119.046307,137.2232013
323,121.2375105,133.1754438,387.3091349,69.34788387,191.2038436,115.0149905,118.5432886,135.5498038
324,120.8507901,131.218691,370.1730535,71.38356238,201.8876441,115.123561,118.2079633,134.3003515
325,121.8263384,133.46259,369.9694649,70.88300369,194.9020989,115.5574757,116.8149475,135.5323068
326,121.6343502,134.610373,386.3250802,70.84960585,198.0353389,115.0884365,118.0402701,136.0082512
327,121.2716039,134.6990324,351.9511491,70.34903881,192.3339061,114.8644611,118.5561658,136.5465059
328,123.1359048,132.8163082,330.1662888,70.54927564,174.1252173,114.6217256,118.5045655,137.2924644
329,121.8965991,135.0546393,323.3797261,70.74952917,185.9132799,115.5465867,118.3239876,138.7567414
330,121.7524069,132.9805749,309.3654574,71.91753561,184.115545,117.1282257,117.6662446,138.0869123
331,121.6351818,128.8733919,304.4791498,71.18336729,202.8892489,116.9787258,118.4013803,139.552541
332,123.7406642,127.1809454,284.8999017,71.14997779,208.0256986,117.3027658,117.9499621,139.1416233
333,121.7321055,123.2693714,298.6766159,70.68276686,203.0690352,116.827474,118.4013803,139.7580288
334,120.5682382,118.7790405,280.318977,73.13395684,207.7687832,116.5922306,118.2982256,140.765305
335,121.6824898,117.6904022,277.2989587,74.00339438,220.4558895,117.635737,118.2724178,140.2975712
336,120.8175346,116.2816489,296.9121209,74.83939233,225.6950444,118.2517141,118.9431066,139.6141674
337,123.1392831,115.5265458,270.2069871,74.73906523,223.9229818,118.6502991,119.3687399,139.8134492
338,122.0255916,117.4172046,255.5140984,75.74225276,230.7030684,118.7847417,119.5364178,139.8813047
339,121.2807536,117.9549996,254.258575,75.4413132,227.2872887,119.8789056,118.8269756,139.3060047
340,121.0564258,118.6403268,270.0712528,75.80915697,221.5088549,119.5977352,117.408274,139.9374459
341,121.64634,116.1130512,256.1588043,74.93971943,217.6308453,120.8365546,117.5888291,140.2994888
342,119.8968679,115.9545511,243.7733221,74.40471112,217.373994,120.9870227,117.408274,142.1690314
343,122.5463832,116.2941457,265.0152708,75.90946738,226.4911585,120.3083929,118.0273167,141.645966
344,119.8490481,118.6519717,254.5639579,74.1705923,220.4815137,120.5152211,119.1494541,142.215491
345,119.4931542,120.303329,283.6783184,74.73906523,220.7383811,121.4123267,120.4521162,142.5005942
346,119.5753463,122.0028674,289.9898238,77.38086752,230.0352998,121.6712331,120.5682396,143.2052383
347,121.6251101,124.8770659,317.5093379,78.81881138,215.1397015,123.1426607,118.852829,143.6793742
348,120.434272,124.706706,302.1377774,77.61492791,213.6500664,123.7297877,118.9043911,143.3703618
349,122.2513723,125.1909018,284.6623731,77.07990291,209.155665,122.9568681,116.3119671,143.4888795
350,121.0151917,121.1959217,261.7237837,77.78212583,217.759271,123.7023655,115.9250416,142.3346467
351,121.5558867,123.5982451,114.0481893,80.1564031,212.9309212,122.924336,116.6344153,144.5724577
352,121.3923703,124.2017687,95.0118787,79.18663846,219.017615,123.7031269,116.8794706,142.2246854
353,120.5043129,124.1980107,111.2317596,80.9924094,226.5938959,125.0012689,117.5888291,143.0511405
354,120.3118973,125.1620657,129.3858227,80.85864271,223.6404421,125.4895496,118.1433868,143.6524894
355,121.2680314,122.7757378,128.2321065,83.36668666,216.4494863,125.7055806,116.4280296,143.3515264
356,120.9014332,124.6254325,158.3305088,81.42716573,215.7560614,125.3958091,116.8923478,144.2248103
357,122.9842584,120.5222492,164.0312225,80.79178859,217.5537483,124.5646129,118.1563097,144.2892552
358,124.7104494,119.3523968,175.0254599,80.69144479,202.426987,124.3342043,114.4445066,145.0397469
359,126.9481805,120.6045965,151.6796804,83.23291163,206.7415862,124.9884411,113.003868,145.1844993
360,124.554705,120.7008903,142.3481566,82.16283658,198.2920621,124.7907502,113.1855661,147.2518853
361,125.0440224,122.1609619,126.0604085,80.49082398,200.3723367,124.2369486,113.3282973,147.3632036
362,124.980405,124.2156296,137.3261017,80.29018648,194.5682306,124.9935378,112.2251709,146.8952649
363,122.7199707,119.0065173,146.2504224,79.75513643,174.5874632,125.8369039,111.7060369,146.6436617
364,123.3338773,119.3838018,170.7838582,78.18341754,164.0578087,127.9098897,111.7968554,147.2665744
365,126.0155353,119.9724032,171.0213868,76.2773195,162.0545831,129.0642881,112.1992183,146.0591872
366,123.2754177,121.445662,155.9552092,77.28055711,148.3402638,129.549014,113.7825652,146.6151065
367,125.0719698,120.1795135,175.4665772,76.41112792,138.5297064,127.3808116,113.5619765,146.2621769
368,123.37561,117.504439,164.7098814,77.14680712,154.0931373,127.1613607,114.2238417,146.0436092
369,123.9989109,119.0099042,156.4302665,78.04969259,148.0834765,129.2931121,115.6254981,142.7254241
370,124.4928886,119.7073315,154.5300372,77.78212583,142.7415362,127.8062114,115.0155304,141.883097
371,125.1090282,121.216724,147.0987427,78.04969259,134.8314511,126.8310196,113.3672794,140.8148353
372,125.138888,123.8088779,134.6114662,79.78857602,141.0979152,124.7682278,114.3406585,143.0779889
373,124.9135685,126.6265716,127.2141247,79.3203801,129.1300023,125.2476301,114.366611,142.7628548
374,124.0833712,129.2477077,114.0481893,80.08951558,122.6580876,124.8707417,114.3925787,144.0152635
375,125.1689214,128.594573,116.2877545,80.39050523,146.7993801,124.9232384,113.7047077,143.3886318
376,126.8171963,124.0849736,118.7309213,81.96219908,165.8555436,125.3716605,113.1595907,144.2929824
377,125.3634265,125.5750442,108.856473,81.32683028,168.9888317,124.6426814,113.8604456,143.6039517
378,124.6738987,128.3197068,119.2399057,83.26635956,172.7897283,124.8882684,114.2108654,143.6144209
379,125.2553375,122.9772935,129.7251457,82.76477414,165.2905765,125.6102229,114.9895626,145.0008564
380,127.044149,122.439412,122.3277912,82.02905321,175.9229683,127.3014469,114.7429833,144.6358258
381,125.9260372,121.1792307,131.4557264,81.52747614,194.9790998,127.8326075,115.495728,144.6521294
382,126.1758752,120.758269,138.9548752,81.99563032,207.666174,125.9505929,116.0927423,144.773551
383,123.8499867,121.4856573,131.5914479,81.86189702,206.7415862,125.0524677,114.9636025,144.438254
384,124.0111363,122.323499,121.6491324,81.96219908,227.5442041,124.4226468,114.3146755,144.7018013
385,122.2252346,120.042866,109.229723,84.16926173,214.1893933,125.1783048,115.3399901,143.1108197
386,120.9926899,119.2075459,107.2955601,83.8348158,223.2296049,126.8272352,116.2355116,143.6513316
387,121.1565151,118.8650929,111.3674939,83.8348158,227.8523199,127.6024809,114.7819044,143.2880657
388,120.791716,119.127272,120.3257547,85.23932842,233.2455569,129.4213012,115.3659654,145.3206904
389,120.0688814,117.4740767,112.2836815,86.37630768,229.1364484,129.1594731,113.211511,148.0282878
390,118.1302578,116.2671225,114.4893195,85.94157639,239.2552497,130.4866729,112.8091556,147.5807738
391,117.8317038,113.9170167,91.92399316,86.0084806,253.2777009,130.7001748,113.003868,146.1470243
392,119.0690408,112.1783442,91.72039809,87.21231398,235.1974218,130.2033866,112.7313286,144.6334468
393,117.6056388,114.082971,90.26128606,88.6502328,216.0898496,131.4188689,110.4470964,144.5361226
394,117.3560754,111.9676069,85.27315828,88.31583696,215.730293,131.9747742,112.3289657,144.0769425
395,115.0684795,111.7684064,82.04954485,88.61771143,220.1476455,132.1666985,115.1323319,143.7003825
396,116.7196096,110.6154925,87.30912841,89.79170294,238.9470538,130.5390863,114.924689,145.7894795
397,120.0067843,107.546121,88.56464537,89.92583691,242.2856884,128.5449689,115.4567763,147.2673842
398,119.7089272,110.3283363,95.99593341,89.0537783,243.1589156,129.1075479,114.1199936,147.5717043
399,119.1862046,112.4836098,97.31931107,89.25501681,259.8523609,130.1792253,114.8338247,145.9443186
400,120.094134,114.3076683,96.53885791,88.315862,260.0578036,131.4429981,114.3925787,146.892466
401,119.1517725,114.5078783,88.32711671,87.91335992,255.5376657,131.5499324,115.6384744,148.0848753
402,120.5477083,114.1087081,83.47472329,87.98046447,273.2583722,129.8052213,116.3004158,147.905523
403,120.1057817,113.3758141,76.8917556,87.94688298,280.6035061,131.5200339,116.2614641,148.1876617
404,118.9389425,113.9976913,84.05158139,88.1481215,278.2921005,132.7513578,116.1965752,149.3136376
405,116.8761572,115.0103633,82.69427013,89.18792896,270.5360174,133.599451,116.1186872,149.058771
406,118.8882888,117.1024939,82.55853577,92.24028019,271.9742758,132.2779602,117.0661672,150.0983396
407,119.8646823,119.1720884,81.2351581,91.23398744,269.6114615,130.8155191,117.8448339,150.8778824
408,118.7675465,120.8281364,86.32508017,91.93837233,263.7046021,131.7298463,118.000587,148.2273499
409,118.5492458,120.1760259,98.60875515,92.37441416,256.3081396,131.384918,117.715018,149.5400806
410,119.1214573,120.403543,96.1316613,93.31359402,253.0208816,131.6565198,118.5586422,148.8273084
411,118.2811429,121.528637,100.4411302,92.1731673,256.5650549,131.3559901,119.0518922,150.2167363
412,118.5803883,121.5786549,109.5011918,94.99067348,274.9020732,131.370755,118.2471892,153.2532167
413,118.6627162,121.5365338,96.53885791,95.25899985,277.8299347,130.6194988,119.0908286,152.1856065
414,121.6699861,119.4293373,113.6749263,92.54210458,263.8074035,131.3525309,117.6761045,150.8763543
415,121.3514193,120.6331699,107.6009495,93.01168616,275.3644312,130.9455094,116.7676524,151.5549432
416,119.7170352,121.443645,117.9504551,94.52110024,280.6547867,131.8367217,116.8584633,149.6545961
417,119.681733,123.7545896,112.2497543,96.46653112,276.3915482,131.3308055,115.703409,148.7005124
418,120.1495252,125.8334097,123.1082444,99.21698283,298.6324886,131.8573706,116.4691375,148.3796736
419,121.0272395,125.7966961,112.0122127,99.61947656,322.7223164,130.5800966,116.5340264,146.2476544
420,119.1535344,123.3925705,105.6328466,95.96340144,317.6371473,130.8675496,115.2670777,145.8312994
421,118.1318926,123.0926229,96.57278503,93.91732626,307.9293593,130.1474443,115.7372326,146.328588
422,118.8281667,124.9295724,91.07567281,94.21921743,311.0112227,131.3123283,115.3062503,146.779132
423,117.7429223,123.7681655,90.43094754,96.53365236,322.1573012,130.6683193,115.5413239,146.5830425
424,117.6805513,126.0889507,91.1096064,93.64900824,332.1734132,128.4320357,115.8156159,146.8972361
425,116.2096503,124.6097488,95.38514172,93.81673205,322.619467,130.6389241,115.619692,147.1895364
426,114.32763,125.9782641,85.54462054,90.39543519,337.1556688,130.7096565,115.4107156,147.7998147
427,110.3721198,126.0852389,86.59654242,90.99918413,349.2777118,131.0530708,116.6646195,146.2506519
428,109.0051864,125.796866,84.93383532,87.67855661,340.2889409,131.1917017,116.207479,147.0003412
429,106.6174505,125.4156181,87.8859865,86.03496682,330.991846,130.6232981,115.7111353,144.9695235
430,106.5506205,126.5416102,88.05565445,90.89855652,317.9453112,129.6935402,116.5078911,145.6340215
431,105.5987279,124.5276314,82.72819725,92.30731796,331.7111513,128.2943183,114.5486671,143.9731135
432,107.2773378,125.1682473,83.23719463,94.95715042,339.9806809,128.6744338,115.6066548,141.5403833
433,108.1443634,126.597366,90.43094754,93.95086602,348.3018113,128.808871,116.9389496,140.5134702
434,108.3243101,126.2836773,90.80421056,91.63651456,356.3660584,128.7988791,116.9650469,140.1634351
435,109.598633,127.8648945,93.41703878,91.80419663,347.7882048,127.9495945,116.8083413,141.122659
436,109.5086604,128.810044,95.04581229,89.18792896,343.6275915,128.1078602,116.1813512,140.0408676
437,108.1685833,128.1215259,84.73023378,88.45001266,345.6822098,128.1604134,117.043392,140.5451731
438,109.6292716,126.1580474,85.88394997,83.28452345,368.3338433,127.7412955,116.9780841,140.552436
439,110.9234191,126.8371198,88.08958157,84.82748564,357.5987141,127.9455028,115.8678943,140.9883457
440,109.3024827,125.4635411,83.03359309,82.84851501,347.9935513,126.3885006,116.207479,140.2069063
441,107.3895084,125.933399,79.60637812,82.94913427,352.1027239,126.0522638,116.455666,138.9577743
442,108.7979631,124.2176317,78.14727256,83.31810494,347.2744702,127.3604378,116.455666,138.0976255
443,108.1561623,124.011646,77.60434806,86.13561947,338.9533717,128.3638994,116.586282,138.6434136
444,107.6424033,122.8334147,72.31082444,84.55915092,323.9550041,127.9505589,117.3307593,135.852357
445,109.5563828,119.5715913,72.95554971,82.31184558,306.9535229,129.2516841,116.7299732,135.8427102
446,109.8536659,122.9166097,70.58025016,84.96165299,335.6147852,129.8251622,115.9462471,138.997604
447,109.7433454,124.0070752,72.17509655,85.02875754,322.5168418,129.7386596,115.6981057,138.6177508
448,108.1772976,124.2768837,76.24703033,79.86327668,333.8170182,129.0745852,115.7633756,142.0885055
449,108.2503384,126.5565779,71.25890902,79.22599633,327.704604,127.8866935,115.1625819,140.8213372
450,108.257307,129.1594284,70.54632304,79.19244823,319.4862269,126.7784423,116.6254241,138.8147061
451,107.9014636,131.169693,69.69800269,78.48807168,325.4959518,125.4665726,116.2727869,138.8634594
452,105.9167064,127.4442017,76.41669828,80.93659885,337.1556688,125.2641937,117.7225538,140.1271588
453,108.7822127,128.5001997,73.76993647,81.74161135,336.2824897,125.2209558,118.3103637,140.7422685
454,110.1097565,127.5525671,76.62029335,81.54038953,349.2263351,126.5357706,117.6965022,139.9539295
455,109.3474674,129.1526273,70.85171241,83.31810494,332.1220366,127.2618954,118.5585355,143.2801868
456,108.839102,128.827969,73.05735049,83.45228064,336.1284237,127.5363852,118.3103637,142.5984047
457,108.5812825,127.2219478,79.0973872,83.55290825,337.6693714,126.7833125,117.4613829,141.2860196
458,107.6332694,129.263365,83.81405273,83.7650067,329.3996817,126.6703546,117.2523913,141.9335823
459,107.3404484,130.0838506,82.55853577,83.63033015,313.8877075,125.0266799,116.2597269,143.6409843
460,109.4915622,129.8037659,77.84187672,82.35097807,310.8058762,124.8575301,115.7241954,145.0611277
461,109.3780649,126.3001972,78.5544627,81.23992576,318.5618313,126.525629,115.9462471,144.801792
462,111.4706003,125.8513984,84.49270512,80.06152683,308.2375553,126.8021742,115.8286912,143.4734084
463,111.3449111,126.7643798,77.60434806,82.04794332,296.4751169,127.9503196,116.5340264,144.2297474
464,111.6324464,127.4528988,77.26501862,81.71127699,312.8603343,129.2423603,116.2336143,145.9040971
465,111.7729866,125.9058317,74.14319949,78.91685964,319.4862269,130.3742961,112.9682081,144.9192299
466,111.733545,123.0555031,72.14116296,77.7384941,315.3773426,129.1008999,113.1249823,142.4761055
467,112.5611493,123.175951,80.6922336,76.56014526,319.2808804,127.1771558,112.4327376,140.2405516
468,114.0785829,120.2897596,80.31897057,75.7521277,294.5745646,127.1075372,113.13805,140.0474074
469,112.1059343,120.072493,79.23312157,75.58374446,275.0562993,125.6760044,114.2221349,139.3265401
470,113.5497461,120.680232,80.35290416,78.98418957,289.438179,125.4822757,115.0580632,141.8546094
471,113.3048808,119.3672408,78.65626347,79.96057368,269.6629023,124.9392883,116.6385299,141.1374023
472,114.414277,117.0210384,75.2290485,81.71127699,256.410957,125.3642432,116.8083413,137.547372
473,114.9258936,114.345483,69.32473967,81.13893922,276.4943976,124.0050852,115.0319583,135.7693389
474,116.0541742,113.4408104,67.08517448,84.5730326,282.5040905,123.3486181,114.9405302,138.1855619
475,116.5074624,110.9657257,65.72786322,83.05798404,273.0015849,122.429549,115.2147688,137.8351951
476,116.7203911,112.1663574,63.18290218,82.14894655,262.0096205,120.6251825,116.2336143,139.8633947
477,118.9052681,112.9842369,64.60808062,78.58018497,287.3322161,120.3839412,114.3005182,138.3137578
478,119.1082495,112.6501734,57.88937857,77.77216741,303.3579569,120.950232,115.7633756,138.9329198
479,117.5475166,111.3145137,73.63420858,78.37821188,302.5874671,120.5969133,117.5789235,138.655672
480,116.9386144,110.7602875,76.48456546,74.7757436,293.0850896,122.1519819,118.3103637,140.1760367
481,119.1130667,108.4044345,69.7658634,77.77216741,290.7222434,121.7746708,119.0548791,143.0128999
482,119.1401327,106.8805289,73.43060704,78.84954641,299.4029464,119.9382578,119.7732363,139.72862
483,119.8518454,108.6233074,68.54428651,81.00427937,295.9101338,119.9776051,119.7206227,139.4149355
484,120.2726905,107.8354974,66.03325259,81.77859857,280.3981275,119.4584008,118.5501539,135.9439077
485,119.1271585,108.4817217,65.18493224,80.60024972,275.3129585,120.8934894,118.4975326,136.2904103
486,119.8506313,108.2448686,62.97930064,80.3982349,260.0578036,119.7062335,119.8258424,136.2342054
487,120.3484134,108.7091865,61.41839431,80.02787856,271.0496879,118.3395961,119.9968196,135.0699973
488,122.5831848,109.4967765,62.02918599,81.61027375,271.0496879,119.285983,119.286623,134.9559969
489,125.1814615,111.540019,62.84357275,81.17257079,265.2969265,120.932986,120.6806979,132.6157509
490,126.0875181,109.7144466,61.9952524,81.34095404,238.9470538,119.4424028,121.6802428,131.4763314
491,127.4055229,110.2658378,63.115035,80.60024972,251.6340319,120.5578177,122.0485155,131.787735
492,128.6038448,107.0642426,66.33864843,79.59021734,249.4767083,120.4895032,121.2462812,130.4845451
493,130.7007616,107.7412361,64.60808062,80.97057266,236.5842715,119.6049823,120.7201829,129.0557553
494,133.3533034,105.4551694,63.35256366,79.38820252,241.4125733,119.6266939,120.3782209,128.1427382
495,135.8082995,106.7777136,58.7716325,75.85311425,233.7078828,118.3564096,121.4960989,127.6699026
496,134.3802813,109.0952329,58.12690723,74.57374547,227.8523199,119.3231216,121.1015994,130.9566771
497,136.3506669,109.9497521,57.21072617,73.90038777,224.102704,118.9307261,121.1147357,131.236212
498,134.509348,109.0231704,58.19477441,74.37175569,218.2471251,118.8313174,118.9841383,131.2285263
499,135.1482371,109.6456472,57.95724575,75.41543633,222.3563457,119.8488783,120.2861832,132.8926092
500,133.5061013,108.3713686,58.90736686,75.61743446,221.2776599,120.5705939,119.4050094,134.7387011
501,132.1633817,110.1135991,57.95724575,73.76571957,216.2439636,120.6197906,117.9057224,129.8397321
502,132.221406,111.2660806,57.07499181,73.36171496,223.4863441,121.5874693,118.668525,131.9771732
503,133.0935458,110.5030687,53.81744155,72.14968446,209.3611556,120.2022123,120.2729936,131.7919841
504,130.8552021,111.422683,52.05293692,71.77933647,197.8041759,120.9462529,119.8390396,131.7596985
505,129.2889246,110.8083876,49.37224476,71.94766964,189.123569,121.2176086,118.9709945,132.2048877
506,127.0815106,109.4230841,48.86325061,71.40899683,188.4045519,120.85077,118.024086,133.0814268
507,126.8861918,108.5828128,47.60773688,73.09233683,196.006425,121.5289201,120.1151907,133.6160633
508,129.6649101,109.4940414,45.19850697,70.49997604,204.5328539,121.1213066,119.1287592,133.5176299
509,131.044462,111.2295923,44.7913136,71.10599547,206.9469807,122.0313039,120.3519483,133.8535187
510,130.3397446,109.656699,42.07668784,74.03505597,203.5056408,122.1218079,120.9043268,134.0736592
511,133.4174535,109.2128749,41.56769693,74.40538726,189.6372716,122.470768,119.6811834,135.2368877
512,133.3532777,108.5368656,44.65558247,75.68476439,190.5618274,122.1798086,117.1165711,135.7794721
513,134.057207,109.5197369,44.85918078,73.8667395,182.8571689,121.7262843,117.6821392,136.4534482
514,134.8996483,111.374856,43.73939818,74.60741878,166.8314921,120.871723,116.3669353,137.1987427
515,134.934479,112.1041134,47.06481238,75.11239323,173.3033828,120.4982024,117.1955335,137.2277334
516,134.2465665,110.2623987,44.11265797,75.3144331,155.9935456,120.5132087,118.1029722,137.0995601
517,133.3235567,109.7740722,44.41805381,77.67121426,181.9839257,121.5925791,118.4186388,135.8937209
518,134.0836253,110.2338432,45.74143148,76.25706042,178.799309,121.8268812,118.8262745,136.8900811
519,135.2364707,110.6615652,48.21852857,76.39181209,182.0353024,122.4576436,118.7605551,139.3301961
520,131.5082542,113.4401987,52.25653199,75.51644792,174.6901685,121.5297584,119.207752,139.792207
521,134.4122251,113.5706289,58.39836948,75.70578308,168.2183259,122.6983112,119.2735172,140.5628376
522,133.1015361,112.2102325,57.6518499,77.83595805,161.7977798,122.8063928,120.4308802,143.1958555
523,132.421324,112.5244506,58.6698382,77.19353573,165.8555436,123.6842105,121.3251141,143.9079469
524,133.5603993,111.7112714,55.92127562,75.02952884,184.9117072,122.9716331,122.7586892,144.7498071
525,131.9174966,111.1445799,52.83339008,74.52233399,177.0016061,122.1862875,122.0748185,145.5825183
526,132.1460095,108.9342421,58.6698382,77.05829156,163.7496287,121.6551318,122.6666287,144.8944168
527,132.723196,111.1095138,63.01323423,76.14535585,173.6629234,119.9492804,122.8376059,144.8893555
528,133.3632047,111.8207608,61.04513129,77.09208173,190.9212879,120.257286,122.6403409,146.9735532
529,133.4626082,112.1690068,61.5541222,77.15970382,194.6709359,120.2745667,122.7060603,147.1707228
530,132.7690624,111.7207748,59.14489553,77.46402407,195.0305405,120.8427671,122.9165225,146.5692325
531,135.2550348,111.379699,65.32066661,77.26114112,201.1942513,120.0376978,124.126484,148.1210135
532,134.1238834,115.4699508,63.6579595,76.68636592,203.3515589,118.6964322,125.1654758,148.1020395
533,133.1558771,116.9356228,63.38649725,78.78270063,187.8394886,118.5098802,124.7183246,147.8459217
534,133.8587945,115.5623351,68.54428651,78.85032272,195.4414738,118.0620512,125.2049075,147.6908295
535,130.3615067,118.1439523,80.92976226,78.68125498,183.5249055,118.5142767,124.9287487,148.6040003
536,131.1506425,116.6224483,74.99151984,78.98556689,179.9293875,118.2123191,124.9024228,148.0149269
537,131.9801791,117.4694188,71.39464339,78.5121956,172.7897283,118.4593998,124.6657262,147.8655608
538,133.5019277,117.5631669,69.56226833,78.78270063,179.3130757,117.5108624,123.6661812,146.1993374
539,132.6487534,118.5962721,64.3366119,80.20282285,176.6933941,117.1030868,123.3768329,145.5737602
540,131.9243822,121.0211987,56.09094358,79.18845818,171.8651404,117.2804496,123.297901,147.4935658
541,134.502806,121.356378,55.34441753,78.00503413,161.7463711,117.1178358,121.9564702,147.737964
542,134.1204689,120.6830465,54.59789796,79.52656861,169.9133395,115.5197424,120.9305613,147.5295306
543,135.0224711,118.9797275,57.17679258,79.15464297,167.447852,114.8868934,120.4571299,146.5633169
544,131.8565617,122.0068518,73.26094556,78.41079169,167.4992127,115.5776938,120.2992966,147.4437192
545,131.4266755,120.5896805,64.2348176,78.24171561,165.9069523,116.5043008,120.1283499,146.4796824
546,129.6300677,123.0795863,62.16491388,78.37699317,164.5201186,118.568038,120.7070619,145.4071508
547,130.0785099,124.2270525,62.94536705,77.09208173,157.123592,119.8053619,120.1375925,146.2923153
548,131.5305415,125.8597906,63.01323423,77.39638529,143.5634188,120.9483492,119.0384664,148.6462889
549,131.023146,126.5906033,62.84357275,77.56548641,142.0738317,119.1597926,118.3895394,148.9728237
550,131.1854776,128.3151682,61.21479924,76.61872714,144.7447938,118.46929,117.7936375,150.2847175
551,131.5701638,131.4858836,61.92738522,76.65252566,146.0288742,118.4607604,116.7474755,150.3436045
552,133.0916862,130.1437868,62.80963916,74.38707312,145.2584484,119.4285152,116.4164172,151.2181031
553,132.4941468,126.383381,60.85849978,75.43531143,122.5040136,118.141576,115.1053812,152.1093064
554,131.1675842,124.8029717,59.95928228,77.12591364,121.3740312,117.4122768,114.9861947,153.9702943
555,128.6079343,127.631935,63.86155458,79.79709869,116.3916235,116.4386248,114.4432341,151.7625046
556,130.1856165,129.8820371,63.115035,81.11576691,118.5489551,116.9501749,115.1848084,150.3592427
557,131.5924998,130.9461443,59.00916116,80.47332788,108.7384057,115.2224808,115.899912,151.0358389
558,131.7867433,130.182844,59.7896208,79.42511461,103.0882855,116.1509813,115.3304579,151.1250184
559,131.1597537,133.3709094,55.03902169,81.14958212,87.73032919,115.5825136,114.9729289,152.6905421
560,130.5348426,129.6908943,52.62979501,80.74380788,88.24399978,115.1426957,117.6479956,152.8827851
561,130.1778599,134.6490885,51.81540826,78.9179615,88.03850912,114.3331358,115.5688766,154.5647263
562,129.1285044,132.7381045,49.64370701,79.49279513,82.49115022,114.8620491,115.4231966,155.658915
563,129.6206014,133.9598336,51.47607883,78.41079169,89.63082549,114.7388195,115.4099536,155.0751743
564,127.3416942,132.3041256,53.61384648,77.19353573,97.54094258,115.1017569,116.2177655,155.5248724
565,126.1135664,129.6078197,51.6796739,78.17409352,100.468732,115.3671576,115.6748049,155.4388783
566,129.0031103,129.8046887,48.08279744,77.83595805,95.53771697,114.8834487,115.5424059,156.7548627
567,129.4528214,127.9088019,51.61180995,77.36257007,92.91815551,114.5248111,116.5885983,157.7276174
568,129.3860082,126.7605884,47.87919914,76.85540861,102.3691723,114.6214216,116.2972231,157.3041554
569,127.8773223,129.0243118,46.08076091,77.97121057,102.266451,114.1865987,117.6479956,157.0480136
570,128.0469708,126.9507179,43.90905966,76.41584419,112.436637,113.8054107,116.5090645,157.6084973
571,129.6375202,127.2207144,44.55378494,77.19353573,109.4060942,114.6557509,117.0652757,158.1101588
572,129.7293381,128.8525822,44.07872438,76.14535585,100.1091594,114.7610478,117.4228351,159.4553019
573,130.529138,129.5109494,46.62368541,78.7150869,97.54094258,114.9926226,117.7804174,159.4167684
574,130.6679115,128.8443011,48.15066139,80.30427684,93.12356609,116.0298952,118.6278971,159.1567017
575,133.3133107,128.4880244,53.91924233,81.04812813,88.80895094,116.2648207,118.2306088,161.3128709
576,132.3247455,125.6305124,55.4462183,81.75818923,82.18296228,115.8635955,117.4095693,161.9132824
577,131.680921,125.0013197,54.53003077,81.72437402,87.42211722,115.4622725,116.2045225,161.8215512
578,131.9897403,123.1173582,57.00712463,83.41496788,77.35472458,114.3943464,115.6880707,161.7433769
579,132.0251161,122.6233541,57.61791631,84.22649133,75.55698162,114.2460149,115.3967488,163.1845032
580,132.8263754,120.5744445,58.29657518,85.51137772,77.66291252,114.1957168,115.303972,163.2131846
581,135.0075725,122.741134,60.19681094,84.90272887,83.31301675,114.4309167,115.0789029,163.1412408
582,133.0746572,122.9068401,55.61587978,85.13941034,56.86035468,113.7243433,113.9400099,162.0496083
583,136.7507573,124.0885991,53.51204895,84.63225723,51.41576112,113.1988196,113.8870534,161.1281113
584,139.0598053,127.1462574,52.25653199,85.03798139,48.02570579,114.4453399,113.9929741,162.8135442
585,137.5005655,126.4417878,52.49406389,85.46223673,44.17336054,113.265138,113.2249063,161.2729859
586,138.5261105,123.3419369,53.07092198,85.80164099,46.48476609,113.6551507,114.3108199,159.6344602
587,137.66124,122.452628,53.51204895,87.7701774,45.40611631,113.4653517,113.7546011,159.8974714
588,135.9154391,120.6368365,51.8832722,91.23211763,48.38523436,113.4731965,113.2381264,159.1121986
589,138.0105181,123.9948367,50.96708791,89.97637192,47.25524795,113.4086261,112.7746844,158.5595791
590,134.4962651,124.662674,50.28842905,90.62121499,47.25524795,113.6574087,113.9400099,156.2781166
591,133.8688158,126.0443327,49.23651363,91.02850011,46.27926742,112.7600476,115.14511,156.9370923
592,134.9828502,126.1849994,48.557858,90.85878963,49.41253951,114.1154427,116.0058251,158.2225759
593,132.5073707,124.7422874,49.1007825,90.79089208,52.85394348,115.1440082,114.9332077,160.3726512
594,132.8076546,124.4744523,47.16660992,89.77269597,54.90848971,114.6594924,115.6218407,160.5334411
595,131.7738495,122.5511148,44.04479079,91.53759816,64.97592239,115.2021295,115.8469783,159.867163
596,130.5892556,120.3800638,41.05870602,89.87451725,62.09950562,114.395877,115.9396789,162.3804616
597,131.8004027,122.4806862,41.4319658,91.33396395,65.38681162,115.4400939,115.5159048,160.8624726
598,132.2056242,118.9301607,42.28028615,90.07816816,63.17815941,115.8782405,116.5090645,160.0524057
599,131.1093774,120.2394626,44.92704472,87.46474695,59.01765424,115.0866522,116.0190985,157.7936975
